year,state_code,dist_code,pending_cases,solved_cases,total_cases,total_days
2018,1,1,5123,5046,10169,-66223 days +00:50:52.580896768
2018,1,2,10761,8268,19029,-38715 days +01:16:18.871345152
2018,1,3,18604,25610,44214,28187 days 05:05:15.485380608
2018,1,4,17118,9469,26587,-46924 days +01:16:18.871345152
